Production code,Title,Air date,Season,Number in season,Number in series,US viewers (million),Views,IMDB rating
7F01,Two Cars in Every Garage and Three Eyes on Every Fish,1990-01-11,2.0,4,17,26.1,64959.0,8.1
7F08,,1990-11-15,2.0,6,19,25.4,50691.0,8.0
7F06,Bart the Daredevil,1990-06-12,2.0,8,21,26.2,57605.0,
,Bart Gets Hit by a Car,1991-10-01,2.0,10,23,24.8,56486.0,7.8
7F13,Homer vs. Lisa and the 8th Commandment,1991-07-02,2.0,13,26,26.2,58277.0,8.0
7F16,"Oh Brother, Where Art Thou?",1991-02-21,2.0,15,28,,47426.0,8.2
7F17,Old Money,1991-03-28,2.0,17,30,21.2,44331.0,7.6
7F19,Lisa's Substitute,1991-04-25,2.0,19,32,17.7,52770.0,8.5
7F22,Blood Feud,1991-11-07,,22,35,17.3,52829.0,8.0
8F01,Mr. Lisa Goes to Washington,1991-09-26,3.0,2,37,20.2,52098.0,7.7
8F03,Bart the Murderer,1991-10-10,3.0,4,39,,64342.0,8.7
8F05,"Like Father, Like Clown",1991-10-24,3.0,6,41,20.2,45586.0,7.7
8F07,Saturdays of Thunder,1991-11-14,3.0,9,44,24.7,55808.0,7.9
8F09,Burns Verkaufen der Kraftwerk,1991-05-12,3.0,11,46,21.1,55987.0,8.2
8F11,,1992-09-01,3.0,13,48,24.2,58919.0,
8F16,Bart the Lover,1992-02-13,3.0,16,51,20.5,53123.0,8.3
8F15,Separate Vocations,1992-02-27,3.0,18,53,23.7,61508.0,8.2
8F19,Colonel Homer,1992-03-26,3.0,20,55,25.5,46901.0,7.9
8F22,Bart's Friend Falls in Love,1992-07-05,3.0,23,58,19.5,48058.0,7.8
8F24,Kamp Krusty,1992-09-24,4.0,1,60,21.8,67081.0,8.4
9F03,Itchy & Scratchy: The Movie,1992-03-11,4.0,6,65,20.1,55740.0,8.2
9F08,Lisa's First Word,1992-03-12,,10,69,28.6,62070.0,8.5
9F11,Selma's Choice,1993-01-21,4.0,13,72,24.5,56396.0,8.0
7G09,The Call of the Simpsons,1990-02-18,1.0,7,7,27.6,57793.0,7.9
7F12,"One Fish, Two Fish, Blowfish, Blue Fish",1991-01-24,2.0,11,24,24.2,50206.0,8.8
9F20,Marge in Chains,1993-06-05,4.0,21,80,,68692.0,7.7
9F21,Homer's Barbershop Quartet,1993-09-30,5.0,1,82,19.9,58390.0,8.4
1F02,Homer Goes to College,1993-10-14,5.0,3,84,18.1,64802.0,8.6
1F03,Marge on the Lam,1993-04-11,5.0,6,87,21.7,53490.0,8.0
1F06,Boy-Scoutz 'n the Hood,1993-11-18,5.0,8,89,20.1,83238.0,8.7
1F09,Homer the Vigilante,1994-06-01,5.0,11,92,20.1,74673.0,8.2
1F11,Bart Gets Famous,1994-03-02,,12,93,20.0,66267.0,8.1
1F12,Lisa vs. Malibu Stacy,1994-02-17,5.0,14,95,20.5,61715.0,8.2
1F15,Bart Gets an Elephant,1994-03-31,5.0,17,98,17.0,63427.0,7.9
1F21,Lady Bouvier's Lover,1994-12-05,5.0,21,102,15.1,59503.0,7.5
1F22,Bart of Darkness,1994-04-09,6.0,1,104,15.1,65126.0,8.6
2F01,Itchy & Scratchy Land,1994-02-10,6.0,4,107,14.8,72722.0,8.5
2F05,Lisa on Ice,1994-11-13,6.0,8,111,17.9,63564.0,8.4
2F08,Fear of Flying,1994-12-18,6.0,11,114,15.6,61569.0,7.8
2F10,And Maggie Makes Three,1995-01-22,6.0,13,116,17.3,63051.0,8.5
2F12,Homie the Clown,1995-12-02,6.0,15,118,17.6,73123.0,8.5
2F14,Homer vs. Patty and Selma,1995-02-26,6.0,17,120,18.9,60599.0,7.9
2F18,,1995-09-04,6.0,20,123,11.6,62323.0,8.1
2F32,'Round Springfield,1995-04-30,6.0,22,125,12.6,56001.0,8.3
2F22,Lemon of Troy,1995-05-14,6.0,24,127,13.1,70698.0,8.6
2F17,Radioactive Man,1995-09-24,7.0,2,130,15.7,62390.0,8.3
3F02,Bart Sells His Soul,1995-08-10,7.0,4,132,14.8,65333.0,8.7
3F04,Treehouse of Horror VI,1995-10-29,7.0,6,134,19.7,110342.0,8.5
3F07,Marge Be Not Proud,1995-12-17,7.0,11,139,16.7,68970.0,8.3
,Team Homer,1996-07-01,7.0,12,140,16.7,72268.0,8.3
3F12,Bart the Fink,1996-11-02,7.0,15,143,15.0,71230.0,7.7
9F06,,1992-12-11,4.0,8,67,23.1,54557.0,8.2
3F18,22 Short Films About Springfield,1996-04-14,7.0,21,149,10.5,66536.0,8.8
3F20,Much Apu About Nothing,1996-05-05,7.0,23,151,11.3,75618.0,8.0
3F22,Summer of 4 Ft. 2,1996-05-19,7.0,25,153,14.7,65847.0,8.3
4F05,"Burns, Baby Burns",1996-11-17,8.0,4,157,12.6,55497.0,7.7
4F01,Lisa's Date with Density,1996-12-15,8.0,7,160,,60912.0,7.8
3G01,The Springfield Files,1997-12-01,8.0,10,163,20.9,69555.0,9.0
4F08,The Twisted World of Marge Simpson,1997-01-19,8.0,11,164,14.0,71813.0,7.8
4F12,The Itchy & Scratchy & Poochie Show,1997-09-02,8.0,14,167,15.5,58581.0,7.9
4F11,Homer's Phobia,1997-02-16,8.0,15,168,15.3,63355.0,8.9
4F15,Homer vs. the Eighteenth Amendment,1997-03-16,8.0,18,171,14.6,83561.0,8.7
4F16,The Canine Mutiny,1997-04-13,8.0,20,173,,54155.0,7.7
4F18,In Marge We Trust,1997-04-27,8.0,22,175,16.9,59088.0,8.0
4F21,The Secret War of Lisa Simpson,1997-05-18,8.0,25,178,12.7,59196.0,7.8
4F23,The Principal and the Pauper,1997-09-28,9.0,2,180,14.9,48414.0,7.4
5F03,Bart Star,1997-09-11,9.0,6,184,10.6,31033.0,7.7
5F05,Lisa the Skeptic,1997-11-23,9.0,8,186,9.3,22318.0,8.0
5F24,"All Singing, All Dancing",1998-04-01,9.0,11,189,8.9,15780.0,5.1
5F23,The Joy of Sect,1998-08-02,9.0,13,191,9.4,27710.0,8.2
5F13,This Little Wiggy,1998-03-22,9.0,18,196,8.9,20739.0,7.8
5F14,The Trouble with Trillions,1998-05-04,9.0,20,198,7.4,23426.0,7.9
5F09,Trash of the Titans,1998-04-26,9.0,22,200,10.2,26299.0,8.5
5F18,Natural Born Kissers,1998-05-17,9.0,25,203,8.6,53823.0,8.1
5F21,The Wizard of Evergreen Terrace,1998-09-20,10.0,2,205,7.95,53216.0,8.2
AABF01,Treehouse of Horror IX,1998-10-25,10.0,4,207,8.5,83169.0,8.0
AABF05,Mayored to the Mob,1998-12-20,10.0,9,212,8.5,56762.0,8.2
AABF07,Wild Barts Can't Be Broken,1999-01-17,10.0,11,214,8.8,57693.0,7.7
AABF12,Make Room for Lisa,1999-02-28,10.0,16,219,7.6,53449.0,7.5
AABF15,Mom and Pop Art,1999-11-04,10.0,19,222,8.5,47851.0,7.6
AABF17,Monty Can't Buy Me Love,1999-02-05,10.0,21,224,7.26,44242.0,7.2
AABF20,Thirty Minutes over Tokyo,1999-05-16,10.0,23,226,8.0,55947.0,7.9
,Guess Who's Coming to Criticize Dinner?,1999-10-24,11.0,3,229,6.7,46141.0,7.5
AABF19,E-I-E-I-(Annoyed Grunt),1999-07-11,11.0,5,231,8.4,51431.0,7.6
BABF03,Eight Misbehavin',1999-11-21,11.0,7,233,9.2,40465.0,7.1
BABF08,The Mansion Family,2000-01-23,11.0,12,238,11.3,43949.0,7.3
BABF11,"Alone Again, Natura-diddily",2000-02-13,11.0,14,240,10.8,47392.0,7.9
BABF12,Pygmoelian,2000-02-27,11.0,16,242,9.4,52891.0,7.3
BABF16,Kill the Alligator and Run,2000-04-30,11.0,19,245,7.46,52176.0,6.6
BABF18,"It's a Mad, Mad, Mad, Mad Marge",2000-05-14,11.0,21,247,7.5,54146.0,7.3
BABF21,,2000-01-11,12.0,1,249,13.2,77719.0,7.6
BABF17,Insane Clown Poppy,2000-12-11,12.0,3,251,16.4,40443.0,7.1
CABF02,The Computer Wore Menace Shoes,2000-03-12,12.0,6,254,15.6,51100.0,7.7
CABF05,Pokey Mom,2001-01-14,12.0,10,258,15.0,51024.0,7.3
CABF10,Day of the Jackanapes,2001-02-18,12.0,13,261,15.4,49986.0,7.2
CABF09,"Hungry, Hungry Homer",2001-04-03,12.0,15,263,17.6,49811.0,7.4
CABF13,Simpson Safari,2001-01-04,12.0,17,265,13.3,49065.0,6.9
CABF16,Children of a Lesser Clod,2001-05-13,12.0,20,268,13.8,50070.0,7.3
CABF19,Treehouse of Horror XII,2001-06-11,13.0,1,270,13.0,77136.0,7.5
CABF20,Homer the Moe,2001-11-18,13.0,3,272,14.4,44651.0,7.2
CABF21,The Blunder Years,2001-09-12,13.0,5,274,12.9,45288.0,7.7
DABF04,Half-Decent Proposal,2002-10-02,13.0,10,279,13.2,42977.0,7.5
DABF07,The Lastest Gun in the West,2002-02-24,13.0,12,281,13.2,44787.0,6.5
DABF10,Blame It on Lisa,2002-03-31,13.0,15,284,11.1,50694.0,7.0
DABF12,Gump Roast,2002-04-21,13.0,17,286,12.3,46335.0,5.6
9F09,Homer's Triple Bypass,1992-12-17,4.0,11,70,23.6,57400.0,8.7
DABF20,Bart vs. Lisa vs. the Third Grade,2002-11-17,14.0,3,294,13.3,43130.0,7.0
EABF01,The Great Louse Detective,2002-12-15,14.0,6,297,15.5,48110.0,7.3
EABF03,The Dad Who Knew Too Little,2003-12-01,14.0,8,299,12.8,47170.0,7.3
EABF06,Pray Anything,2003-09-02,14.0,10,301,13.4,46336.0,6.8
EABF10,C.E.D'oh,2003-03-16,14.0,15,306,13.0,47386.0,7.3
EABF12,Three Gays of the Condo,2003-04-13,14.0,17,308,12.02,49263.0,7.2
EABF15,"Brake My Wife, Please",2003-11-05,14.0,20,311,10.56,47288.0,6.9
EABF17,Moe Baby Blues,2003-05-18,14.0,22,313,13.44,45931.0,7.7
EABF18,My Mother the Carjacker,2003-09-11,15.0,2,315,12.4,34590.0,7.3
EABF19,The Fat and the Furriest,2003-11-30,15.0,5,318,11.7,39180.0,7.2
,'Tis the Fifteenth Season,2003-12-14,15.0,7,320,11.3,40667.0,7.2
FABF04,"I, (Annoyed Grunt)-bot",2004-11-01,15.0,9,322,16.3,42776.0,7.3
FABF09,Smart & Smarter,2004-02-22,15.0,13,326,12.6,43969.0,7.1
FABF10,Co-Dependents' Day,2004-03-21,15.0,15,328,11.2,47246.0,6.9
FABF14,Catch 'Em If You Can,2004-04-25,15.0,18,331,9.3,47274.0,7.0
FABF13,The Way We Weren't,2004-09-05,15.0,20,333,6.6,43128.0,7.3
FABF18,Fraudcast News,2004-05-23,15.0,22,335,9.2,44954.0,7.2
FABF19,Sleeping with the Enemy,2004-11-21,16.0,3,338,9.95,40958.0,7.1
FABF21,Fat Man and Little Boy,2004-12-12,16.0,5,340,10.31,44210.0,7.1
GABF01,Mommie Beerest,2005-01-30,16.0,7,342,9.97,46256.0,7.0
GABF04,There's Something About Marrying,2005-02-20,16.0,10,345,10.39,49371.0,7.1
GABF06,Goo Goo Gai Pan,2005-03-13,16.0,12,347,10.28,44914.0,7.0
GABF08,The Seven-Beer Snitch,2005-03-04,16.0,14,349,7.48,45174.0,6.9
GABF11,The Heartbroke Kid,2005-01-05,16.0,17,352,10.79,50610.0,7.2
GABF14,Thank God It's Doomsday,2005-08-05,16.0,19,354,10.05,46504.0,7.3
GABF18,The Bonfire of the Manatees,2005-11-09,17.0,1,357,11.1,33933.0,6.3
9F14,Duffless,1993-02-18,4.0,16,75,25.7,84874.0,8.3
GABF22,,2005-11-27,17.0,7,363,11.46,39577.0,6.7
HABF01,Simpsons Christmas Stories,2005-12-18,17.0,9,365,9.8,43082.0,6.9
HABF05,My Fair Laddy,2006-02-26,17.0,12,368,9.51,39745.0,6.4
HABF07,Bart Has Two Mommies,2006-03-19,17.0,14,370,8.75,44012.0,7.0
HABF09,Million-Dollar Abie,2006-02-04,17.0,16,372,7.83,42303.0,6.6
HABF13,Regarding Margie,2006-07-05,17.0,20,376,8.5,43162.0,6.7
HABF15,"The Mook, the Chef, the Wife and Her Homer",2006-10-09,18.0,1,379,11.5,41321.0,7.5
HABF20,"Please Homer, Don't Hammer 'Em",2006-09-24,18.0,3,381,9.72,41865.0,6.8
HABF21,G.I. (Annoyed Grunt),2006-12-11,18.0,5,383,11.43,42160.0,6.9
HABF22,Ice Cream of Margie (with the Light Blue Hair),2006-11-26,18.0,7,385,10.9,43032.0,7.0
,"Kill Gil, Volumes I & II",2006-12-17,18.0,9,387,8.96,43700.0,6.4
JABF04,Little Big Girl,2007-11-02,18.0,12,390,8.27,52730.0,7.0
JABF09,Yokel Chords,2007-04-03,18.0,14,392,9.09,41561.0,7.1
JABF06,,2007-03-25,18.0,16,394,6.91,42602.0,7.2
JABF13,Crook and Ladder,2007-06-05,18.0,19,397,7.72,46262.0,7.1
JABF14,24 Minutes,2007-05-20,18.0,21,399,9.8,45026.0,8.1
JABF18,The Homer of Seville,2007-09-30,19.0,2,402,8.4,33792.0,6.7
JABF22,Little Orphan Millie,2007-11-11,19.0,6,406,10.57,39369.0,6.7
KABF01,Funeral for a Fiend,2007-11-25,19.0,8,408,9.0,42596.0,7.1
KABF03,E Pluribus Wiggum,2008-06-01,19.0,10,410,8.2,44512.0,6.9
KABF06,The Debarted,2008-02-03,19.0,13,413,8.18,42141.0,7.7
KABF08,Smoke on the Daughter,2008-03-30,19.0,15,415,7.1,41735.0,6.7
KABF10,Apocalypse Cow,2008-04-27,19.0,17,417,7.69,41118.0,6.9
KABF12,Mona Leaves-a,2008-11-05,19.0,19,419,6.02,39443.0,7.1
KABF15,Lost Verizon,2008-05-10,20.0,2,422,7.43,38186.0,6.9
KABF16,Treehouse of Horror XIX,2008-02-11,20.0,4,424,12.48,21509.0,7.1
9F17,So It's Come to This: A Simpsons Clip Show,1993-01-04,4.0,18,77,25.5,49139.0,7.2
LABF04,Gone Maggie Gone,2009-03-15,20.0,13,433,5.99,43663.0,7.2
LABF08,Father Knows Worst,2009-04-26,20.0,18,438,5.94,42390.0,7.0
LABF09,Four Great Women and a Manicure,2009-10-05,20.0,20,440,5.16,44718.0,6.3
LABF13,Homer the Whopper,2009-09-27,21.0,1,442,8.31,39936.0,7.1
LABF19,,2009-11-29,21.0,7,448,9.02,37909.0,6.8
MABF02,Thursdays with Abie,2010-03-01,21.0,9,450,8.65,36227.0,6.8
MABF03,Million Dollar Maybe,2010-01-31,21.0,11,452,5.11,40854.0,7.1
MABF04,Postcards from the Wedge,2010-03-14,21.0,14,455,5.23,41357.0,7.1
MABF10,The Greatest Story Ever D'ohed,2010-03-28,21.0,16,457,5.69,44070.0,5.7
MABF13,Moe Letter Blues,2010-09-05,21.0,21,462,5.66,40904.0,6.9
MABF15,Judge Me Tender,2010-05-23,21.0,23,464,5.74,41830.0,6.6
MABF17,Loan-a Lisa,2010-03-10,22.0,2,466,8.59,35051.0,6.8
,"Lisa Simpson, This Isn't Your Life",2010-11-14,22.0,5,469,8.97,40637.0,7.2
MABF22,The Fight Before Christmas,2010-05-12,22.0,8,472,9.54,43781.0,6.9
MABF19,Donnie Fatso,2010-12-12,22.0,9,473,7.18,40276.0,7.0
NABF05,Homer the Father,2011-01-23,22.0,12,476,6.5,42691.0,7.0
NABF07,Angry Dad: The Movie,2011-02-20,22.0,14,478,6.35,42693.0,7.2
NABF09,A Midsummer's Nice Dream,2011-03-13,22.0,16,480,5.44,38893.0,6.1
NABF11,The Great Simpsina,2011-10-04,22.0,18,482,4.99,41560.0,7.0
NABF14,500 Keys,2011-05-15,22.0,21,485,6.0,46660.0,7.3
NABF16,The Falcon and the D'ohman,2011-09-25,23.0,1,487,8.08,39209.0,7.2
NABF19,Treehouse of Horror XXII,2011-10-30,23.0,3,489,8.1,63816.0,6.6
NABF20,The Food Wife,2011-11-13,23.0,5,491,7.5,42746.0,7.2
PABF02,The Ten-Per-Cent Solution,2011-04-12,23.0,8,494,9.01,39002.0,6.2
PABF03,"Politically Inept, with Homer Simpson",2012-08-01,23.0,10,496,5.07,44074.0,6.1
PABF05,Moe Goes from Rags to Riches,2012-01-29,23.0,12,498,5.12,39838.0,5.7
LABF18,Pranks and Greens,2009-11-22,21.0,6,447,7.03,,6.7
1F08,"$pringfield (or, How I Learned to Stop Worrying and Love Legalized Gambling)",1993-12-16,5.0,10,91,17.9,82216.0,8.5
PABF11,Beware My Cheating Bart,2012-04-15,23.0,18,504,4.86,43422.0,7.1
PABF13,,2012-06-05,23.0,20,506,4.84,43544.0,6.9
,Lisa Goes Gaga,2012-05-20,23.0,22,508,4.82,44434.0,4.5
PABF19,Penny-Wiseguys,2012-11-18,24.0,5,513,5.06,36897.0,6.3
RABF01,To Cur with Love,2012-12-16,24.0,8,516,3.77,40726.0,7.2
RABF03,A Test Before Trying,2013-01-13,24.0,10,518,5.04,41542.0,7.0
RABF07,Love is a Many-Splintered Thing,2013-10-02,24.0,12,520,4.19,41828.0,6.5
RABF06,Gorgeous Grampa,2013-03-03,24.0,14,522,4.66,39510.0,6.2
RABF08,What Animated Women Want,2013-04-14,24.0,17,525,4.11,43471.0,6.5
RABF13,Whiskey Business,2013-05-05,24.0,19,527,4.43,42810.0,6.8
RABF20,Homerland,2013-09-29,25.0,1,531,6.37,47531.0,7.0
RABF22,YOLO,2013-10-11,25.0,4,534,4.2,44551.0,6.7
SABF02,The Kid Is All Right,2013-11-24,25.0,6,536,6.78,39590.0,6.5
SABF01,White Christmas Blues,2013-12-15,25.0,8,538,8.48,39290.0,6.5
SABF06,Specs and the City,2014-01-26,25.0,11,541,3.87,44119.0,7.2
SABF07,The Man Who Grew Too Much,2014-09-03,25.0,13,543,3.75,44512.0,6.7
SABF10,The War of Art,2014-03-23,25.0,15,545,3.98,41726.0,7.0
SABF12,Luca$,2014-06-04,25.0,17,547,4.3,45184.0,6.5
RABF21,Brick Like Me,2014-04-05,25.0,20,550,4.39,65613.0,7.7
SABF18,The Yellow Badge of Cowardge,2014-05-18,25.0,22,552,3.28,46408.0,6.7
SABF17,The Wreck of the Relationship,2014-05-10,26.0,2,554,4.27,38411.0,6.9
SABF22,Opposites A-Frack,2014-02-11,26.0,5,557,4.22,36410.0,6.3
TABF01,Blazed and Confused,2014-11-16,26.0,7,559,6.7,43513.0,6.9
RABF15,The Man Who Came to Be Dinner,2015-04-01,26.0,10,562,10.62,36622.0,6.8
TABF04,The Musk Who Fell to Earth,2015-01-25,26.0,12,564,3.29,35848.0,5.8
TABF11,Peeping Mom,2015-04-19,26.0,18,570,3.23,40157.0,6.7
7G11,Life on the Fast Lane,1990-03-18,1.0,9,9,33.5,64776.0,7.5
7G13,The Crepes of Wrath,1990-04-15,1.0,11,11,31.2,60458.0,7.8
7G01,Some Enchanted Evening,1990-05-13,1.0,13,13,27.1,57590.0,7.9
7F02,Simpson and Delilah,1990-10-18,2.0,2,15,29.9,58553.0,8.3
7F04,Treehouse of Horror,1990-10-25,2.0,3,16,27.4,130282.0,8.2
7F05,Dancin' Homer,1990-08-11,2.0,5,18,26.1,49005.0,7.5
7F07,Bart vs. Thanksgiving,1990-11-22,2.0,7,20,25.9,47539.0,7.7
7F09,Itchy & Scratchy & Marge,1990-12-20,2.0,9,22,22.2,55413.0,8.1
7F11,The Way We Was,1991-01-31,2.0,12,25,26.8,51182.0,8.2
7F15,,1991-02-14,2.0,14,27,23.9,46823.0,7.5
7F14,"Bart's Dog Gets an ""F""",1991-07-03,2.0,16,29,23.9,47780.0,7.5
7F20,The War of the Simpsons,1991-02-05,2.0,20,33,19.7,51997.0,7.9
TABF15,Bull-E,2015-10-05,26.0,21,573,2.77,43978.0,6.8
TABF17,Cue Detective,2015-04-10,27.0,2,576,6.02,178.0,6.7
TABF21,Friend with Benefit,2015-08-11,27.0,6,580,3.48,175.0,6.8
,Barthood,2015-12-13,27.0,9,583,5.97,182.0,8.4
VABF04,Teenage Mutant Milk-Caused Hurdles,2016-10-01,27.0,11,585,8.33,172.0,6.8
VABF18,"Friends and Family""[203]",2016-02-10,28.0,2,598,,,
VABF17,"The Town""[205]",2016-09-10,28.0,3,599,,,
VABF16,"Treehouse of Horror XXVII""[207]",2016-10-16,28.0,4,600,,,
VABF06,Gal of Constant Sorrow,2016-02-21,27.0,14,588,3.1,144.0,6.6
VABF09,The Marge-ian Chronicles,2016-03-13,27.0,16,590,3.07,201.0,7.3
VABF12,Fland Canyon,2016-04-24,27.0,19,593,2.77,192.0,7.1
VABF13,Simprovised,2016-05-15,27.0,21,595,2.8,228.0,6.4
7G08,Simpsons Roasting on an Open Fire,1989-12-17,1.0,1,1,26.7,171408.0,8.2
7G02,Bart the Genius,1990-01-14,1.0,2,2,24.5,91423.0,7.8
7G04,There's No Disgrace Like Home,1990-01-28,1.0,4,4,20.2,67378.0,7.8
7G06,Moaning Lisa,1990-11-02,1.0,6,6,27.4,55355.0,7.6
,The Telltale Head,1990-02-25,1.0,8,8,28.0,66311.0,7.7
7F21,Three Men and a Comic Book,1991-09-05,2.0,21,34,21.0,50403.0,8.4
7F24,Stark Raving Dad,1991-09-19,3.0,1,36,22.9,55238.0,8.6
7F23,When Flanders Failed,1991-03-10,3.0,3,38,22.8,53499.0,8.2
8F04,Homer Defined,1991-10-17,3.0,5,40,20.6,50601.0,8.5
9F16,The Front,1993-04-15,4.0,19,78,20.1,53404.0,8.1
9F12,Brother from the Same Planet,1993-04-02,4.0,14,73,23.8,59040.0,8.1
1F04,Treehouse of Horror IV,1993-10-28,5.0,5,86,24.0,110251.0,8.7
9F10,,1993-01-14,4.0,12,71,23.0,88171.0,9.0
9F13,I Love Lisa,1993-11-02,4.0,15,74,25.2,62309.0,8.3
1F07,The Last Temptation of Homer,1993-09-12,5.0,9,90,20.6,59350.0,8.4
8F17,Dog of Death,1992-12-03,3.0,19,54,23.4,49665.0,7.7
8F02,Treehouse of Horror II,1991-10-31,3.0,7,42,20.0,103012.0,8.2
8F06,Lisa's Pony,1991-07-11,3.0,8,43,23.0,53093.0,7.9
9F05,Marge Gets a Job,1992-05-11,4.0,7,66,22.9,69527.0,7.8
8F10,I Married Marge,1991-12-26,3.0,12,47,21.9,47880.0,8.2
9F15,Last Exit to Springfield,1993-11-03,4.0,17,76,22.4,71907.0,9.0
8F12,Lisa the Greek,1992-01-23,3.0,14,49,23.2,49457.0,8.0
8F21,The Otto Show,1992-04-23,3.0,22,57,17.5,50068.0,7.7
1F01,Rosebud,1993-10-21,5.0,4,85,19.5,57149.0,8.9
8F14,Homer Alone,1992-06-02,3.0,15,50,23.7,58991.0,8.0
8F13,Homer at the Bat,1992-02-20,3.0,17,52,24.6,72378.0,8.6
9F18,Whacking Day,1993-04-29,4.0,20,79,20.0,60739.0,8.1
9F02,Lisa the Beauty Queen,1992-10-15,4.0,4,63,19.0,52203.0,7.8
9F19,Krusty Gets Kancelled,1993-05-13,4.0,22,81,19.4,59948.0,8.2
8F20,Black Widower,1992-09-04,3.0,21,56,17.3,57582.0,8.2
8F18,A Streetcar Named Marge,1992-01-10,4.0,2,61,18.3,54487.0,8.1
9F04,Treehouse of Horror III,1992-10-29,4.0,5,64,25.1,108171.0,8.4
9F07,Mr. Plow,1992-11-19,4.0,9,68,24.0,63564.0,8.8
1F10,Homer and Apu,1994-10-02,5.0,13,94,21.8,58716.0,8.3
,Homer Loves Flanders,1994-03-17,5.0,16,97,18.0,69996.0,8.5
1F16,Burns' Heir,1994-04-14,5.0,18,99,14.7,81678.0,8.4
3F08,Sideshow Bob's Last Gleaming,1995-11-26,7.0,9,137,14.2,61246.0,8.0
2F07,Grampa vs. Sexual Inadequacy,1994-04-12,6.0,10,113,14.1,64719.0,8.0
3F15,A Fish Called Selma,1996-03-24,7.0,19,147,12.9,57830.0,8.2
2F11,Bart's Comet,1995-05-02,6.0,14,117,18.7,67619.0,8.6
3F01,Home Sweet Homediddly-Dum-Doodily,1995-01-10,7.0,3,131,14.5,70120.0,8.3
3F11,Scenes from the Class Struggle in Springfield,1996-04-02,7.0,14,142,14.4,58572.0,7.7
2F13,Bart vs. Australia,1995-02-19,6.0,16,119,15.1,80724.0,8.5
3F05,King-Size Homer,1995-05-11,7.0,7,135,17.0,81426.0,9.0
1F20,Secrets of a Successful Marriage,1994-05-19,5.0,22,103,15.6,67959.0,8.0
1F17,Lisa's Rival,1994-11-09,6.0,2,105,16.7,54225.0,8.1
2F31,A Star Is Burns,1995-05-03,6.0,18,121,14.4,71936.0,8.5
2F15,Lisa's Wedding,1995-03-19,6.0,19,122,14.4,74266.0,8.3
2F33,Another Simpsons Clip Show,1994-09-25,6.0,3,106,13.5,42576.0,6.0
3F03,Lisa the Vegetarian,1995-10-15,7.0,5,133,14.6,69245.0,8.5
2F19,The PTA Disbands,1995-04-16,6.0,21,124,11.8,74788.0,8.1
2F02,Sideshow Bob Roberts,1994-09-10,6.0,5,108,14.4,76932.0,8.3
2F04,Bart's Girlfriend,1994-06-11,6.0,7,110,15.3,62450.0,8.0
2F20,,1995-09-17,7.0,1,129,16.0,67579.0,8.9
2F21,The Springfield Connection,1995-07-05,6.0,23,126,12.7,79777.0,8.2
3F14,Homer the Smithers,1996-02-25,7.0,17,145,14.1,68354.0,8.9
2F06,Homer Badman,1994-11-27,6.0,9,112,17.0,71577.0,9.0
2F09,Homer the Great,1995-08-01,6.0,12,115,20.1,71002.0,8.9
3F31,The Simpsons 138th Episode Spectacular,1995-03-12,7.0,10,138,16.4,56153.0,7.5
3F09,Two Bad Neighbors,1996-01-14,7.0,13,141,16.5,64224.0,8.7
3F13,Lisa the Iconoclast,1996-02-18,7.0,16,144,13.4,58795.0,8.1
3F06,Mother Simpson,1995-11-19,7.0,8,136,15.3,61085.0,8.5
3F19,"Raging Abe Simpson and His Grumbling Grandson in ""The Curse of the Flying Hellfish""",1996-04-28,7.0,22,150,13.0,69120.0,8.3
3F21,Homerpalooza,1996-05-19,7.0,24,152,12.9,60569.0,8.0
3G02,Lisa's Sax,1997-10-19,9.0,3,181,12.9,20008.0,8.1
3G03,Simpsoncalifragilisticexpiala(Annoyed Grunt)cious,1997-07-02,8.0,13,166,17.7,57608.0,7.7
,Treehouse of Horror VII,1996-10-27,8.0,1,154,18.3,102077.0,8.3
4F14,Brother from Another Series,1997-02-23,8.0,16,169,15.1,56659.0,8.2
4F03,The Homer They Fall,1996-10-11,8.0,3,156,17.0,61146.0,8.0
4F06,Bart After Dark,1996-11-24,8.0,5,158,14.1,60210.0,8.2
5F17,Lost Our Lisa,1998-10-05,9.0,24,202,7.6,55316.0,7.7
5F15,Girly Edition,1998-04-19,9.0,21,199,8.5,21811.0,7.9
5F06,Realty Bites,1997-07-12,9.0,9,187,10.6,25183.0,7.5
4F17,The Old Man and the Lisa,1997-04-20,8.0,21,174,14.0,56833.0,7.9
4F04,A Milhouse Divided,1996-01-12,8.0,6,159,12.8,60956.0,8.0
4F13,"My Sister, My Sitter",1997-02-03,8.0,17,170,15.1,54247.0,8.1
5F10,The Last Temptation of Krust,1998-02-22,9.0,15,193,9.5,20298.0,7.5
5F01,The Cartridge Family,1997-02-11,9.0,5,183,10.3,30921.0,8.2
4F09,Grade School Confidential,1997-06-04,8.0,19,172,13.3,60584.0,8.2
4F07,Hurricane Neddy,1996-12-29,8.0,8,161,,66281.0,8.8
3G04,Simpson Tide,1998-03-29,9.0,19,197,9.0,23127.0,8.3
4F20,,1997-11-05,8.0,24,177,11.6,57926.0,7.3
4F22,The City of New York vs. Homer Simpson,1997-09-21,9.0,1,179,10.5,62962.0,9.1
5F07,Miracle on Evergreen Terrace,1997-12-21,9.0,10,188,9.6,19899.0,7.6
5F16,King of the Hill,1998-03-05,9.0,23,201,9.2,60952.0,8.3
5F11,Das Bus,1998-02-15,9.0,14,192,9.6,32487.0,8.1
5F20,Lard of the Dance,1998-08-23,10.0,1,204,7.0,56018.0,7.6
5F08,Bart Carny,1998-11-01,9.0,12,190,11.7,22426.0,7.7
4F24,Lisa the Simpson,1998-08-03,9.0,17,195,10.4,21608.0,8.0
3F16,The Day the Violence Died,1996-03-17,7.0,18,146,14.4,57809.0,8.0
5F19,When You Dish Upon a Star,1998-08-11,10.0,5,208,9.0,43485.0,7.3
AABF03,"Lisa Gets an ""A""",1998-11-22,10.0,7,210,8.0,50013.0,8.0
AABF04,"Homer Simpson in: ""Kidney Trouble""",1998-06-12,10.0,8,211,7.2,50300.0,7.3
CABF01,Lisa the Tree Hugger,2000-11-19,12.0,4,252,14.9,39480.0,7.2
AABF08,"Sunday, Cruddy Sunday",1999-01-31,10.0,12,215,11.5,50051.0,6.9
AABF13,Maximum Homerdrive,1999-03-28,10.0,17,220,15.5,54195.0,7.6
BABF02,"Hello Gutter, Hello Fadder",1999-11-14,11.0,6,232,9.2,44615.0,7.3
AABF14,Simpsons Bible Stories,1999-04-04,10.0,18,221,12.2,47155.0,7.3
CABF07,Tennis the Menace,2001-11-02,12.0,12,260,14.0,51004.0,6.9
AABF06,Viva Ned Flanders,1999-10-01,10.0,10,213,11.5,56561.0,7.8
BABF01,Treehouse of Horror X,1999-10-31,11.0,4,230,8.7,47980.0,7.7
BABF15,Last Tap Dance in Springfield,2000-07-05,11.0,20,246,7.3,47061.0,7.2
AABF22,,1999-03-10,11.0,2,228,7.1,44172.0,7.5
AABF16,"The Old Man and the ""C"" Student",1999-04-25,10.0,20,223,6.9,47550.0,7.3
BABF13,Bart to the Future,2000-03-19,11.0,17,243,8.77,75315.0,7.0
AABF23,Beyond Blunderdome,1999-09-26,11.0,1,227,8.1,34394.0,7.3
AABF18,They Saved Lisa's Brain,1999-09-05,10.0,22,225,6.8,47951.0,7.3
AABF09,Homer to the Max,1999-07-02,10.0,13,216,8.3,55726.0,7.7
BABF05,"Take My Wife, Sleaze",1999-11-28,11.0,8,234,8.9,41484.0,7.1
BABF04,Little Big Mom,2000-09-01,11.0,10,236,10.0,48194.0,7.3
BABF06,Faith Off,2000-01-16,11.0,11,237,10.4,43869.0,6.9
CABF08,Worst Episode Ever,2001-04-02,12.0,11,259,18.5,49893.0,7.5
,Saddlesore Galactica,2000-06-02,11.0,13,239,9.6,41259.0,6.6
BABF19,Behind the Laughter,2000-05-21,11.0,22,248,8.3,74046.0,7.9
CABF03,The Great Money Caper,2000-10-12,12.0,7,255,16.8,49325.0,7.3
BABF10,Missionary: Impossible,2000-02-20,11.0,15,241,9.8,50427.0,7.3
BABF14,Days of Wine and D'oh'ses,2000-09-04,11.0,18,244,8.3,48786.0,7.4
3F17,Bart on the Road,1996-03-31,7.0,20,148,11.8,70913.0,8.6
CABF11,,2001-11-03,12.0,16,264,16.1,45718.0,6.5
CABF15,I'm Goin' to Praiseland,2001-06-05,12.0,19,267,13.1,49321.0,7.3
CABF17,Simpsons Tall Tales,2001-05-20,12.0,21,269,13.4,56698.0,7.0
DABF13,I Am Furious (Yellow),2002-04-28,13.0,18,287,12.4,69650.0,7.7
DABF14,The Sweetest Apu,2002-05-05,13.0,19,288,11.8,47193.0,6.9
EABF20,The President Wore Pearls,2003-11-16,15.0,3,316,12.7,37456.0,7.0
CABF22,The Parent Rap,2001-11-11,13.0,2,271,14.9,47251.0,7.1
DABF11,Weekend at Burnsie's,2002-07-04,13.0,16,285,12.5,54539.0,7.7
DABF18,Large Marge,2002-11-24,14.0,4,295,17.4,55369.0,7.1
DABF06,The Bart Wants What It Wants,2002-02-17,13.0,11,280,11.2,45176.0,7.1
EABF09,Mr. Spritz Goes to Washington,2003-09-03,14.0,14,305,14.4,44837.0,6.9
CABF18,A Hunka Hunka Burns in Love,2001-02-12,13.0,4,273,13.4,37376.0,7.2
DABF22,How I Spent My Strummer Vacation,2002-10-11,14.0,2,293,12.5,35578.0,7.3
DABF02,She of Little Faith,2001-12-16,13.0,6,275,13.2,45824.0,7.1
DABF21,Helter Shelter,2002-01-12,14.0,5,296,15.1,42907.0,6.8
DABF08,Tales from the Public Domain,2002-03-17,13.0,14,283,11.7,50301.0,7.3
EABF04,The Strong Arms of the Ma,2003-02-02,14.0,9,300,15.4,51877.0,6.9
DABF01,Brawl in the Family,2002-06-01,13.0,7,276,11.8,45684.0,6.9
DABF05,Jaws Wired Shut,2002-01-27,13.0,9,278,14.2,49429.0,7.3
DABF15,Little Girl in the Big Ten,2002-12-05,13.0,20,289,11.2,46466.0,7.2
EABF14,Old Yeller-Belly,2003-04-05,14.0,19,310,11.59,43223.0,6.8
EABF02,Special Edna,2003-05-01,14.0,7,298,15.0,40867.0,7.1
EABF05,Barting Over,2003-02-16,14.0,11,302,21.3,47276.0,6.6
EABF13,"Dude, Where's My Ranch?",2003-04-27,14.0,18,309,11.71,49000.0,7.0
EABF16,The Bart of War,2003-05-18,14.0,21,312,12.1,50464.0,6.6
EABF21,Treehouse of Horror XIV,2003-02-11,15.0,1,314,16.22,68381.0,7.4
4F10,Mountain of Madness,1997-02-02,8.0,12,165,9.1,60763.0,8.6
FABF01,Today I Am a Clown,2003-07-12,15.0,6,319,10.5,37890.0,6.6
FABF03,"Marge vs. Singles, Seniors, Childless Couples and Teens and Gays",2004-04-01,15.0,8,321,12.0,50276.0,6.7
FABF05,Diatribe of a Mad Housewife,2004-01-25,15.0,10,323,10.6,45062.0,7.3
FABF20,All's Fair in Oven War,2004-11-14,16.0,2,337,11.64,41064.0,7.0
FABF17,Bart-Mangled Banner,2004-05-16,15.0,21,334,8.7,56275.0,6.2
GABF13,A Star Is Torn,2005-08-05,16.0,18,353,8.72,44500.0,6.8
,See Homer Run,2005-11-20,17.0,6,362,10.3,40306.0,6.9
FABF07,Milhouse Doesn't Live Here Anymore,2004-02-15,15.0,12,325,9.4,46792.0,7.3
FABF08,The Ziff Who Came to Dinner,2004-03-14,15.0,14,327,10.7,43747.0,6.9
GABF02,Homer and Ned's Hail Mary Pass,2005-06-02,16.0,8,343,23.07,43356.0,6.4
GABF16,The Girl Who Slept Too Little,2005-09-18,17.0,2,358,9.79,35717.0,6.9
FABF11,The Wandering Juvie,2004-03-28,15.0,16,329,10.5,44539.0,6.9
GABF19,Milhouse of Sand and Fog,2005-09-25,17.0,3,359,10.19,35779.0,7.0
GABF17,Treehouse of Horror XVI,2005-06-11,17.0,4,360,11.63,74401.0,7.3
HABF03,Homer's Paternity Coot,2006-08-01,17.0,10,366,10.1,39552.0,6.7
FABF22,She Used to Be My Girl,2004-05-12,16.0,4,339,10.81,38908.0,6.6
FABF12,My Big Fat Geek Wedding,2004-04-18,15.0,17,330,9.2,42440.0,6.7
GABF12,,2005-04-17,16.0,15,350,8.31,53146.0,7.3
HABF02,The Italian Bob,2005-11-12,17.0,8,364,10.39,45513.0,7.0
FABF15,Simple Simpson,2004-02-05,15.0,19,332,9.5,46273.0,7.3
HABF04,We're on the Road to D'ohwhere,2006-01-29,17.0,11,367,9.04,43599.0,7.0
GABF05,On a Clear Day I Can't See My Sister,2005-06-03,16.0,11,346,10.39,46309.0,6.9
GABF15,Home Away from Homer,2005-05-15,16.0,20,355,8.17,44606.0,7.1
FABF23,Treehouse of Horror XV,2004-07-11,16.0,1,336,11.29,72271.0,7.4
FABF16,Midnight Rx,2005-01-16,16.0,6,341,8.11,43118.0,7.3
GABF03,Pranksta Rap,2005-02-13,16.0,9,344,8.01,42759.0,6.8
5F12,Dumbbell Indemnity,1998-01-03,9.0,16,194,10.3,21214.0,7.6
HABF12,Girls Just Want to Have Sums,2006-04-30,17.0,19,375,8.7,45267.0,7.2
HABF14,The Monkey Suit,2006-05-14,17.0,21,377,8.3,48419.0,7.1
JABF11,The Boys of Bummer,2007-04-29,18.0,18,396,7.57,44770.0,6.3
JABF16,Treehouse of Horror XVIII,2007-04-11,19.0,5,405,11.7,69957.0,7.1
JABF08,Rome-Old and Juli-Eh,2007-11-03,18.0,15,393,8.98,41751.0,6.3
KABF09,Papa Don't Leech,2008-04-13,19.0,16,416,6.9,39238.0,6.1
,Marge and Homer Turn a Couple Play,2006-05-21,17.0,22,378,8.23,42778.0,6.6
JABF03,The Wife Aquatic,2007-07-01,18.0,10,388,13.9,41312.0,6.6
KABF14,"Double, Double, Boy in Trouble",2008-10-19,20.0,3,423,8.09,45781.0,7.0
HABF17,Treehouse of Horror XVII,2006-05-11,18.0,4,382,10.43,68799.0,7.1
KABF04,That '90s Show,2008-01-27,19.0,11,411,7.6,43485.0,6.3
KABF21,The Burns and the Bees,2008-07-12,20.0,8,428,6.19,38247.0,6.6
HABF19,Moe'N'a Lisa,2006-11-19,18.0,6,384,9.31,37177.0,6.8
JABF02,The Haw-Hawed Couple,2006-10-12,18.0,8,386,8.29,41161.0,7.2
JABF17,Husbands and Knives,2007-11-18,19.0,7,407,10.5,44445.0,7.1
KABF13,All About Lisa,2008-05-18,19.0,20,420,6.11,44616.0,6.4
JABF15,You Kent Always Say What You Want,2007-05-20,18.0,22,400,9.8,45281.0,7.3
KABF18,Dangerous Curves,2008-09-11,20.0,5,425,8.16,40078.0,6.6
JABF07,Springfield Up,2007-02-18,18.0,13,391,8.8,45036.0,7.3
JABF05,Revenge Is a Dish Best Served Three Times,2007-01-28,18.0,11,389,8.09,67621.0,7.0
JABF10,,2007-04-22,18.0,17,395,6.4,47107.0,7.3
JABF12,Stop! Or My Dog Will Shoot,2007-05-13,18.0,20,398,6.48,42892.0,7.0
KABF07,Dial 'N' for Nerder,2008-09-03,19.0,14,414,7.3,41658.0,7.3
KABF05,"Love, Springfieldian Style",2008-02-17,19.0,12,412,7.81,40507.0,6.6
KABF20,MyPods and Boomsticks,2008-11-30,20.0,7,427,7.8,40353.0,7.1
KABF17,"Sex, Pies and Idiot Scrapes",2008-09-28,20.0,1,421,9.3,45735.0,7.2
KABF11,Any Given Sundance,2008-04-05,19.0,18,418,6.18,41440.0,7.0
5F22,Bart the Mother,1998-09-27,10.0,3,206,7.35,43240.0,7.5
LABF01,"Take My Life, Please",2009-02-15,20.0,10,430,6.82,40679.0,7.0
LABF03,"No Loan Again, Naturally",2009-08-03,20.0,12,432,5.99,41165.0,7.0
MABF21,,2010-09-26,22.0,1,465,7.75,31638.0,6.3
LABF10,"Waverly Hills, 9-0-2-1-D'oh",2009-03-05,20.0,19,439,6.75,45032.0,7.1
MABF11,The Bob Next Door,2010-05-16,21.0,22,463,6.26,43446.0,7.2
LABF07,"The Good, the Sad and the Drugly",2009-04-19,20.0,17,437,6.5,45179.0,7.2
LABF20,Once Upon a Time in Springfield,2010-10-01,21.0,10,451,14.62,40194.0,6.7
LABF15,Bart Gets a 'Z',2009-04-10,21.0,2,443,9.32,38196.0,6.6
LABF06,Eeny Teeny Maya Moe,2009-05-04,20.0,16,436,6.5,40864.0,7.2
MABF09,Chief of Hearts,2010-04-18,21.0,18,459,5.93,41528.0,6.9
LABF16,The Great Wife Hope,2009-11-10,21.0,3,444,7.5,39134.0,6.3
MABF12,To Surveil with Love,2010-02-05,21.0,20,461,6.06,45738.0,7.2
NABF08,The Scorpion's Tale,2011-06-03,22.0,15,479,6.2,42142.0,6.7
,The Blue and the Gray,2011-02-13,22.0,13,477,5.61,42028.0,6.9
MABF06,The Color Yellow,2010-02-21,21.0,13,454,6.08,41059.0,6.6
NABF01,The Fool Monty,2010-11-21,22.0,6,470,6.58,38097.0,6.5
MABF01,"O Brother, Where Bart Thou?",2009-12-13,21.0,8,449,7.11,38097.0,7.2
MABF05,Boy Meets Curl,2010-02-14,21.0,12,453,5.87,44945.0,6.8
NABF10,Love Is a Many Strangled Thing,2011-03-27,22.0,17,481,6.14,41202.0,6.5
LABF17,The Devil Wears Nada,2009-11-15,21.0,5,446,9.04,42893.0,6.7
NABF13,Homer Scissorhands,2011-08-05,22.0,20,484,5.48,46154.0,7.2
MABF07,Stealing First Base,2010-03-21,21.0,15,456,5.69,40487.0,7.0
NABF02,How Munched is That Birdie in the Window?,2010-11-28,22.0,7,471,9.38,37568.0,6.4
NABF12,The Real Housewives of Fat Tony,2011-01-05,22.0,19,483,6.1,41638.0,6.6
NABF03,Moms I'd Like to Forget,2011-09-01,22.0,10,474,12.6,41253.0,6.3
MABF18,MoneyBart,2010-10-10,22.0,3,467,6.72,39073.0,6.8
NABF04,Flaming Moe,2011-01-16,22.0,11,475,6.47,42734.0,6.9
AABF11,I'm with Cupid,1999-02-14,10.0,14,217,7.7,46822.0,7.3
NABF17,Bart Stops to Smell the Roosevelts,2011-02-10,23.0,2,488,6.19,37642.0,7.0
NABF21,Replaceable You,2011-06-11,23.0,4,490,7.97,38034.0,6.7
PABF04,The D'oh-cial Network,2012-01-15,23.0,11,497,11.48,43275.0,7.0
SABF03,Married to the Blob,2014-12-01,25.0,10,540,4.83,40646.0,7.1
PABF15,Ned 'n Edna's Blend,2012-05-13,23.0,21,507,4.07,47005.0,6.7
PABF16,Gone Abie Gone,2012-11-11,24.0,4,512,6.86,35136.0,6.7
RABF02,Homer Goes to Prep School,2013-06-01,24.0,9,517,8.97,42306.0,6.9
RABF18,Four Regrettings and a Funeral,2013-03-11,25.0,3,533,5.43,39301.0,6.5
SABF04,Yellow Subterfuge,2013-08-12,25.0,7,537,6.85,43717.0,7.0
PABF12,A Totally Fun Thing That Bart Will Never Do Again,2012-04-29,23.0,19,505,5.0,53058.0,7.4
NABF22,The Book Job,2011-11-20,23.0,6,492,5.77,42780.0,7.8
PABF06,The Daughter Also Rises,2012-12-02,23.0,13,499,4.26,40669.0,6.5
SABF05,Steal This Episode,2014-05-01,25.0,9,539,12.04,45354.0,7.6
PABF09,Exit Through the Kwik-E-Mart,2012-04-03,23.0,15,501,5.09,45133.0,6.9
RABF09,"Black Eyed, Please",2013-10-03,24.0,15,523,4.85,42925.0,7.0
PABF10,"Them, Robot",2012-03-18,23.0,17,503,5.25,43615.0,7.1
RABF16,Treehouse of Horror XXIV,2013-06-10,25.0,2,532,6.42,64758.0,7.1
RABF11,Pulpit Friction,2013-04-28,24.0,18,526,4.54,41184.0,6.5
RABF04,The Changing of the Guardian,2013-01-27,24.0,11,519,5.23,42215.0,6.6
PABF21,,2012-09-30,24.0,1,509,8.08,36570.0,6.4
PABF22,A Tree Grows in Springfield,2012-11-25,24.0,6,514,7.46,43211.0,6.5
,Treehouse of Horror XXIII,2012-07-10,24.0,2,510,6.57,67484.0,7.3
PABF20,The Day the Earth Stood Cool,2012-09-12,24.0,7,515,7.44,40649.0,7.2
RABF05,Hardly Kirk-ing,2013-02-17,24.0,13,521,4.57,42807.0,7.0
,The Fabulous Faker Boy,2013-12-05,24.0,20,528,4.16,42426.0,6.3
RABF19,Labor Pains,2013-11-17,25.0,5,535,4.08,40671.0,7.1
RABF17,Dangers on a Train,2013-05-19,24.0,22,530,4.52,44984.0,7.0
AABF10,"Marge Simpson in: ""Screaming Yellow Honkers""",1999-02-21,10.0,15,218,8.6,52778.0,7.3
SABF09,The Winter of His Content,2014-03-16,25.0,14,544,4.02,44271.0,6.6
SABF14,What to Expect When Bart's Expecting,2014-04-27,25.0,19,549,3.45,48760.0,5.8
TABF02,Covercraft,2014-11-23,26.0,8,560,3.45,38432.0,6.5
TABF06,Walking Big & Tall,2015-08-02,26.0,13,565,2.78,36221.0,6.3
TABF18,Treehouse of Horror XXVI,2015-10-25,27.0,5,579,6.75,195.0,6.8
VABF03,The Girl Code,2016-03-01,27.0,10,584,4.41,166.0,6.6
SABF15,Pay Pal,2014-11-05,25.0,21,551,3.66,51132.0,6.7
TABF14,Every Man's Dream,2015-09-27,27.0,1,575,3.28,187.0,5.9
TABF13,Let's Go Fly a Coot,2015-03-05,26.0,20,572,3.12,40783.0,6.2
TABF10,Waiting for Duffman,2015-03-15,26.0,17,569,3.59,37874.0,6.7
TABF20,Lisa with an 'S',2015-11-22,27.0,7,581,5.64,145.0,6.3
TABF05,Bart's New Friend,2015-11-01,26.0,11,563,4.28,39702.0,7.3
VABF07,Love Is in the N2-O2-Ar-CO2-Ne-He-CH4,2016-02-14,27.0,13,587,2.89,158.0,6.3
TABF12,The Kids Are All Fight,2015-04-26,26.0,19,571,3.33,42123.0,6.9
TABF09,Sky Police,2015-08-03,26.0,16,568,3.79,43023.0,6.9
SABF20,Clown in the Dumps,2014-09-28,26.0,1,553,8.53,29526.0,5.8
,Super Franchise Me,2014-12-10,26.0,3,555,7.33,42912.0,6.5
VABF05,Much Apu About Something,2016-01-17,27.0,12,586,3.95,170.0,6.7
TABF03,I Won't Be Home for Christmas,2014-07-12,26.0,9,561,6.52,37064.0,6.8
SABF21,Treehouse of Horror XXV,2014-10-19,26.0,4,556,7.76,65425.0,7.3
TABF07,My Fare Lady,2015-02-15,26.0,14,566,2.67,35846.0,6.7
VABF10,The Burns Cage,2016-03-04,27.0,17,591,2.32,190.0,6.5
TABF16,Mathlete's Feat,2015-05-17,26.0,22,574,2.82,47429.0,6.9
VABF08,Lisa the Veterinarian,2016-06-03,27.0,15,589,3.09,174.0,6.3
VABF01,Paths of Glory,2015-06-12,27.0,8,582,5.53,170.0,7.1
TABF19,,2015-11-10,27.0,3,577,3.31,160.0,7.2
7F18,Brush with Greatness,1991-11-04,2.0,18,31,20.6,58561.0,8.0
8F08,Flaming Moe's,1991-11-21,3.0,10,45,23.9,58968.0,8.8
7G05,Bart the General,1990-04-02,1.0,5,5,27.1,63129.0,8.1
8F23,"Brother, Can You Spare Two Dimes?",1992-08-27,3.0,24,59,17.2,50936.0,8.2
9F01,Homer the Heretic,1992-08-10,4.0,3,62,19.3,64605.0,9.0
9F22,Cape Feare,1993-07-10,5.0,2,83,20.0,65585.0,9.0
1F05,Bart's Inner Child,1993-11-11,5.0,7,88,18.7,74139.0,7.7
1F13,Deep Space Homer,1994-02-24,5.0,15,96,18.2,75439.0,8.8
1F18,Sweet Seymour Skinner's Baadasssss Song,1994-04-28,5.0,19,100,19.7,66406.0,8.4
1F19,The Boy Who Knew Too Much,1994-05-05,5.0,20,101,15.5,74427.0,8.2
2F03,Treehouse of Horror V,1994-10-30,6.0,6,109,22.2,119295.0,9.0
2F16,Who Shot Mr. Burns? (Part One),1995-05-21,6.0,25,128,15.0,86070.0,9.1
3F23,You Only Move Twice,1996-03-11,8.0,2,155,13.9,79609.0,9.2
3F24,El Viaje Misterioso de Nuestro Jomer (The Mysterious Voyage of Homer),1997-05-01,8.0,9,162,14.9,64743.0,8.5
4F19,Homer's Enemy,1997-04-05,8.0,23,176,11.8,74177.0,9.2
5F02,Treehouse of Horror VIII,1997-10-26,9.0,4,182,10.9,30963.0,8.1
5F04,The Two Mrs. Nahasapeemapetilons,1997-11-16,9.0,7,185,11.4,19419.0,7.7
AABF02,D'oh-in' in the Wind,1998-11-15,10.0,6,209,8.3,45779.0,7.6
CABF06,Skinner's Sense of Snow,2000-12-17,12.0,8,256,15.9,56755.0,8.0
BABF22,HOMR,2001-07-01,12.0,9,257,18.5,68784.0,8.0
,Trilogy of Error,2001-04-29,12.0,18,266,14.4,53728.0,8.6
DABF17,Poppa's Got a Brand New Badge,2002-05-22,13.0,22,291,8.2,53639.0,8.0
DABF19,Treehouse of Horror XIII,2002-03-11,14.0,1,292,16.7,71817.0,7.6
NABF18,Holidays of Future Passed,2011-11-12,23.0,9,495,6.43,69460.0,8.2
SABF16,Simpsorama,2014-09-11,26.0,6,558,6.7,48223.0,7.9
TABF22,Halloween of Horror,2015-10-18,27.0,4,578,3.69,196.0,7.5
VABF14,To Courier with Love,2016-08-05,27.0,20,594,2.52,192.0,6.7
7G03,Homer's Odyssey,1990-01-21,1.0,3,3,27.5,78072.0,7.5
BABF07,,1999-12-19,11.0,9,235,7.76,48070.0,7.3
BABF20,A Tale of Two Springfields,2000-05-11,12.0,2,250,16.2,40990.0,7.4
CABF04,Homer vs. Dignity,2000-11-26,12.0,5,253,15.0,44005.0,7.2
DABF09,The Old Man and the Key,2002-10-03,13.0,13,282,14.5,41049.0,6.5
EABF11,'Scuse Me While I Miss the Sky,2003-03-30,14.0,16,307,12.6,43756.0,7.1
FABF06,Margical History Tour,2004-08-02,15.0,11,324,8.9,42492.0,7.1
GABF07,Mobile Homer,2005-03-20,16.0,13,348,8.49,45489.0,7.0
GABF10,Don't Fear the Roofer,2005-01-05,16.0,16,351,11.92,41620.0,7.4
,The Seemingly Never-Ending Story,2006-12-03,17.0,13,369,9.72,48854.0,7.4
HABF08,"Homer Simpson, This Is Your Wife",2006-03-26,17.0,15,371,10.09,41323.0,6.5
HABF11,The Wettest Stories Ever Told,2006-04-23,17.0,18,374,7.04,42280.0,6.7
JABF21,Midnight Towboy,2007-07-10,19.0,3,403,7.7,35926.0,7.2
KABF19,Homer and Lisa Exchange Cross Words,2008-11-16,20.0,6,426,8.52,38879.0,7.1
LABF12,Coming to Homerica,2009-05-17,20.0,21,441,5.86,6477.0,7.2
LABF14,Treehouse of Horror XX,2009-10-18,21.0,4,445,8.59,66209.0,7.3
MABF08,American History X-cellent,2010-11-04,21.0,17,458,5.65,44645.0,6.7
MABF14,The Squirt and the Whale,2010-04-25,21.0,19,460,5.94,40632.0,6.9
MABF16,Treehouse of Horror XXI,2010-07-11,22.0,4,468,8.19,61954.0,7.1
PABF01,The Man in the Blue Flannel Pants,2011-11-27,23.0,7,493,5.61,41687.0,6.8
RABF10,Dark Knight Court,2013-03-17,24.0,16,524,4.89,44170.0,7.1
RABF14,The Saga of Carl,2013-05-19,24.0,21,529,4.01,42996.0,7.2
SABF11,You Don't Have to Live Like a Referee,2014-03-30,25.0,16,546,3.91,42080.0,6.9
TABF08,The Princess Guide,2015-01-03,26.0,15,567,3.93,34137.0,6.6
VABF11,How Lisa Got Her Marge Back,2016-10-04,27.0,18,592,2.55,188.0,6.4
VABF15,Orange Is the New Yellow,2016-05-22,27.0,22,596,2.54,276.0,6.9
VABF20,,2016-09-25,28.0,1,597,3.36,994.0,6.6
CABF12,New Kids on the Blecch,2001-02-25,12.0,14,262,18.1,50903.0,7.2
DABF03,Sweets and Sour Marge,2002-01-20,13.0,8,277,12.3,54348.0,7.0
DABF16,The Frying Game,2002-05-19,13.0,21,290,10.8,48954.0,7.1
EABF07,I'm Spelling As Fast As I Can,2003-02-16,14.0,12,303,22.1,42885.0,7.3
EABF08,A Star Is Born-Again,2003-02-03,14.0,13,304,14.4,42185.0,7.1
EABF22,The Regina Monologues,2003-11-23,15.0,4,317,12.2,43134.0,7.1
GABF09,"The Father, the Son, and the Holy Guest Star",2005-05-15,16.0,21,356,9.69,48303.0,7.2
GABF20,Marge's Son Poisoning,2005-11-13,17.0,5,361,11.4,39428.0,6.9
HABF10,"Kiss Kiss, Bang Bangalore",2006-09-04,17.0,17,373,8.2,47829.0,7.2
HABF18,Jazzy and the Pussycats,2006-09-17,18.0,2,380,8.94,33495.0,6.7
JABF20,He Loves to Fly and He D'ohs,2007-09-23,19.0,1,401,9.7,36253.0,6.7
JABF19,I Don't Wanna Know Why the Caged Bird Sings,2007-10-14,19.0,4,404,8.8,35850.0,6.9
KABF02,Eternal Moonshine of the Simpson Mind,2007-12-16,19.0,9,409,10.15,44862.0,8.2
KABF22,Lisa the Drama Queen,2009-01-25,20.0,9,429,5.75,38582.0,5.9
LABF02,How the Test Was Won,2009-01-03,20.0,11,431,6.52,41271.0,7.0
LABF11,In the Name of the Grandfather,2009-03-22,20.0,14,434,6.15,45727.0,6.3
LABF05,Wedding for Disaster,2009-03-29,20.0,15,435,6.58,43254.0,6.8
NABF15,The Ned-Liest Catch,2011-05-22,22.0,22,486,5.25,43681.0,7.0
PABF07,At Long Last Leave,2012-02-19,23.0,14,500,5.77,45226.0,7.0
PABF08,How I Wet Your Mother,2012-11-03,23.0,16,502,4.97,44818.0,7.3
PABF18,Adventures in Baby-Getting,2012-04-11,24.0,3,511,5.65,39687.0,6.9
SABF08,Diggs,2014-09-03,25.0,12,542,2.69,39292.0,6.4
SABF13,Days of Future Future,2014-04-13,25.0,18,548,3.64,55742.0,7.0
